{

    "GM12878": {
        "CTCF": "narrowPeak_GM12878_CTCF.500bp.pt",
        "DNase": "bigWig_GM12878_DNase.500bp.pt",
        "H3K27ac": "bigWig_GM12878_H3K27ac.500bp.pt",
        "H3K27me3": "bigWig_GM12878_H3K27me3.500bp.pt",
        "H3K36me3": "bigWig_GM12878_H3K36me3.500bp.pt",
        "H3K4me1": "bigWig_GM12878_H3K4me1.500bp.pt",
        "H3K4me3": "bigWig_GM12878_H3K4me3.500bp.pt",
        "H3K9me3": "bigWig_GM12878_H3K9me3.500bp.pt",
        "methylation": "Gm12878_methy_500bp.pt"
    },
    "HeLa": {
        "CTCF": "narrowPeak_HeLa_CTCF.500bp.pt",
        "DNase": "bigWig_HeLa-S3_DNase.500bp.pt",
        "H3K27ac": "bigWig_HeLa-S3_H3K27ac.500bp.pt",
        "H3K27me3": "bigWig_HeLa-S3_H3K27me3.500bp.pt",
        "H3K36me3": "bigWig_HeLa-S3_H3K36me3.500bp.pt",
        "H3K4me1": "bigWig_HeLa-S3_H3K4me1.500bp.pt",
        "H3K4me3": "bigWig_HeLa-S3_H3K4me3.500bp.pt",
        "H3K9me3": "bigWig_HeLa-S3_H3K9me3.500bp.pt",
        "methylation":"Hela-s3_methy_500bp.pt"
    },
    "IMR90": {
        "CTCF": "narrowPeak_IMR90_CTCF.500bp.pt",
        "DNase": "bigWig_IMR90_DNase.500bp.pt",
        "H3K27ac": "bigWig_IMR90_H3K27ac.500bp.pt",
        "H3K27me3": "bigWig_IMR90_H3K27me3.500bp.pt",
        "H3K36me3": "bigWig_IMR90_H3K36me3.500bp.pt",
        "H3K4me1": "bigWig_IMR90_H3K4me1.500bp.pt",
        "H3K4me3": "bigWig_IMR90_H3K4me3.500bp.pt",
        "H3K9me3": "bigWig_IMR90_H3K9me3.500bp.pt",
        "methylation":"IMR90_methy_500bp.pt"
    },
    "K562": {
        "CTCF": "narrowPeak_K562_CTCF.500bp.pt",
        "DNase": "bigWig_K562_DNase.500bp.pt",
        "H3K27ac": "bigWig_K562_H3K27ac.500bp.pt",
        "H3K27me3": "bigWig_K562_H3K27me3.500bp.pt",
        "H3K36me3": "bigWig_K562_H3K36me3.500bp.pt",
        "H3K4me1": "bigWig_K562_H3K4me1.500bp.pt",
        "H3K4me3": "bigWig_K562_H3K4me3.500bp.pt",
        "H3K9me3": "bigWig_K562_H3K9me3.500bp.pt",
        "methylation":"K562_methy_500bp.pt"
    },
    "HMEC": {
        "CTCF": "narrowPeak_HMEC_CTCF.500bp.pt",
        "DNase": "bigWig_HMEC_DNase.500bp.pt",
        "H3K27ac": "bigWig_HMEC_H3K27ac.500bp.pt",
        "H3K27me3": "bigWig_HMEC_H3K27me3.500bp.pt",
        "H3K36me3": "bigWig_HMEC_H3K36me3.500bp.pt",
        "H3K4me1": "bigWig_HMEC_H3K4me1.500bp.pt",
        "H3K4me3": "bigWig_HMEC_H3K4me3.500bp.pt",
        "H3K9me3": "bigWig_HMEC_H3K9me3.500bp.pt"
    },

    "NHEK": {
        "CTCF": "narrowPeak_NHEK_CTCF.500bp.pt",
        "DNase": "bigWig_NHEK_DNase.500bp.pt",
        "H3K27ac": "bigWig_NHEK_H3K27ac.500bp.pt",
        "H3K27me3": "bigWig_NHEK_H3K27me3.500bp.pt",
        "H3K36me3": "bigWig_NHEK_H3K36me3.500bp.pt",
        "H3K4me1": "bigWig_NHEK_H3K4me1.500bp.pt",
        "H3K4me3": "bigWig_NHEK_H3K4me3.500bp.pt",
        "H3K9me3": "bigWig_NHEK_H3K9me3.500bp.pt"
    }
}
